{
  "kappa": 0.5111593459326738,
  "theta": 1.7684749258958932,
  "sigma": 0.45464563920672113,
  "rho": 0.48403232842964183,
  "v0": 1.8466699426591473,
  "ticker": "SPY",
  "S0_ref": 683.39,
  "rf_rate": 0.036903,
  "dividend_yield": 1.09,
  "calib_band_T": 0.02,
  "calib_target_T": 1.05,
  "span_mc": 25.0
}